"Armenian.Hamster.IgG.Isotype.Ctrl.CCTGTCATTAAGACT',",IgG
"CAT.1..SLC7A1..AAGCTGCATTTCCTT',",CAT1
"CCR3..CD193..TAGAACCGTATCCGT',",CCR3
"CD102.GATATTCAGTGCGAC',",CD102
"CD103.TTCATTAGCCCGCTG',",CD104
"CD105.TATCCCTGCCTTGCA',",CD105
"CD106.CGTTCCTACCTACCT',",CD106
"CD107a..LAMP.1..AAATCTGTGCCGTAC',",CD107a
"CD115..CSF.1R..TTCCGTTGTTGTGAG',",CD115
"CD117..c.kit..TGCATGTCATCGGTG',",CD117
"CD11a.AGAGTCTCCCTTTAG',",CD11a
"CD11c.GTTATGGACGCTTGC',",CD11c
"CD120b..TNF.R.Type.II.p75..GAAGCTGTATCCGAA',",CD120b
"CD122..IL.2Rb..GGTATGCGACACTTA',",CD122
"CD124..IL.4Ra..GAACCGTAGTATAAC',",CD124
"CD127..IL.7Ra..GTGTGAGGCACTCTT',",CD127
"CD134..OX.40..CTCACCTACCTATGG',",CD134
"CD135.GTAGCAAGATTCAAG',",CD135
"CD137.TCCCTGTATAGATGA',",CD137
"CD138..Syndecan.1..GCGTTTGTATGTACT',",CD138
"CD14.AACCAACAGTCACGT',",CD14
"CD140a.GTCATTGCGGTCCTA',",CD140a
"CD150..SLAM..CAACGCCTAGAAACC',",CD150
"CD152.AGTGTTTGTCCTGGT',",CD152
"CD155..PVR..TAGCTTGGGATTAAG',",CD155
"CD157..BST.1..AGAGCAATTTCAGGG',",CD157
"CD159a..NKG2AB6..GTGTTTGTGTTCCTG',",CD159a
"CD16.32.TTCGATGCTGGAGCA',",CD16
"CD160.GCGTATGTCAGTACC',",CD160
"CD163.GAGCAAGATTAAGAC',",CD163
"CD169.Siglec.1.ATTGACGACAGTCAT',",CD169
"CD170..Siglec.F..TCAATCTCCGTCGCT',",CD170
"CD172a..SIRPa..GATTCCCTTGTAGCA',",CD172a
"CD178..FasL..GTCACGTAGTATCTT',",CD178
"CD182..CXCR2..TTTCCTTGTAGAGCG',",CD182
"CD183..CXCR3..GTTCACGCCGTGTTA',",CD183
"CD185..CXCR5..ACGTAGTCACCTAGT',",CD185
"CD186..CXCR6..TGTCAGGTTGTATTC',",CD186
"CD19.ATCAGCCATGTCAGT',",CD19
"CD192..CCR2..AGTGCGATCTGCAAC',",CD192
"CD194..CCR4..TTCATGTGTTTGTGC',",CD194
"CD195..CCR5..ACCAGTTGTCATTAC',",CD195
"CD196..CCR6..CTCTCTGCATTCCTC',",CD196
"CD197..CCR7..TTATTAACAGCCCAC',",CD197
"CD198..CCR8..ATCTCCGTTGTGCGA',",CD198
"CD199..CCR9..CCCTCTGGTATGGTT',",CD199
"CD1d..CD1.1..Ly.38..CAACTTGGCCGAATC',",CD1d
"CD2.TTGCCGTGTGTTTAA',",CD2
"CD20.TCCACTCCCTGTATA',",CD20
"CD200..OX2..TCAATTCCGGTAGTC',",CD200
"CD200R..OX2R..ATTCTTTCCCTCTGT',",CD200R
"CD200R3.ATCAACTTGGAGCAG',",CD200R3
"CD201..EPCR..TATGATCTGCCCTTG',",CD201
"CD202b..Tie.2..TGTTTGTAAGTTCCC',",CD202b
"CD204..Scavenger.R1..AGCTAGACACGTTGT',",CD204
"CD205..DEC.205..CATATTGGCCGTAGT',",CD205
"CD21.CD35..CR2.CR1..GGATAATTTCGATCC',",CD21
"CD215..IL.15Ra..TGTACGCATGTATGG',",CD215
"CD22.AGGTCCTCTCTGGAT',",CD22
"CD226..DNAM.1..ACGCAGTATTTCCGA',",CD226
"CD23.TCTCTTGGAAGATGA',",CD23
"CD24.TATATCTTTGCCGCA',",CD24
"CD25.ACCATGAGACACAGT',",CD25
"CD252..OX40.Ligand..TCTCAGAACAGCCCT',",CD252
"CD253..TRAIL..CCCTTTCCGATTCAA',",CD253
"CD26..DPP.4..ATGGCCTGTCATAAT',",CD26
"CD270..HVEM..GATCCGTGTTGCCTA',",CD270
"CD272..BTLA..TGACCCTATTGAGAA',",CD272
"CD273..B7.DC..PD.L2..CACTCCTTGTAGTCA',",CD273
"CD274..B7.H1..PD.L1..TCGATTCCACCAACT',",CD274
"CD278..ICOS..ACTGCCATATCCCTA',",CD278
"CD279..PD.1..GAAAGTCAAAGCACT',",CD279
"CD28.ATTAAGAGCGTGTTG',",CD28
"CD3.GTATGTCCGCTCGAT',",CD3
"CD300LG..Nepmucin..CGGTCCGTATCATTT',",CD300LG
"CD300c.CD300d.MAIR.II.GTGATCTAAGATGCG',",CD300c
"CD301b.CTTGCCTTGCGATTT',",CD301b
"CD304..Neuropilin.1..CCAGCTCATTCAACG',",CD304
"CD309..VEGFR2..Flk.1..AGTTGTCCTGTACGA',",CD309
"CD31.GCTGTAGTATCATGT',",CD31
"CD314..NKG2D..GAGGCTTATCATTTC',",CD314
"CD317..BST2.PDCA.1..TGTGGTAGCCCTTGT',",CD317
"CD326..Ep.CAM..ACCCGCGTTAGTATG',",CD326
"CD335..NKp46..CCCTTTCACCTCGAA',",CD335
"CD339..Jagged.1..TAGTATGCTGGAGCG',",CD339
"CD34.GATTCCTTTACGAGC',",CD34
"CD357..GITR..GGCACTCTGTAACAT',",CD357
"CD36.TTTGCCGCTACGACA',",CD36
"CD365..Tim.1..ATGGGATTAACCGTC',",CD365
"CD366..Tim.3..ATTGGCACTCAGATG',",CD366
"CD370..CLEC9A.DNGR1..AACTCAGTTGTGCCG',",CD370
"CD371..CLEC12A..GCGAGAAATCTGCAT',",CD371
"CD38.CGTATCCGTCTCCTA',",CD38
"CD39.GCGTATTTAACCCGT',",CD39
"CD4.AACAAGACCCTTGAG',",CD4
"CD40.ATTTGTATGCTGGAG',",CD40
"CD41.ACTTGGATGGACACT',",CD41
"CD43.TTGGAGGGTTGTGCT',",CD43
"CD45.1.CCTATGGACTTGGAC',",CD45_1
"CD45.2.CACCGTCATTCAACC',",CD45_2
"CD45.TGGCTATGGAGCAGA',",CD45
"CD48.AGAACCGCCGTAGTT',",CD48
"CD49a.CCATTCATTTGTGGC',",CD49a
"CD49b.CGCGTTAGTAGAGTC',",CD49b
"CD49d.CGCTTGGACGCTTAA',",CD49d
"CD5.CAGCTCAGTGTGTTG',",CD5
"CD51.GGAGTCAGGGTATTA',",CD51
"CD54.ATAACCGACACAGTG',",CD54
"CD55..DAF..ATTGTTGTCAGACCA',",CD55
"CD62L.TGGGCCTAAGTCATC',",CD62L
"CD63.ATCCGACACGTATTA',",CD63
"CD68.CTTTCTTTCACGGGA',",CD68
"CD69.TTGTATTCCGCCATT',",CD69
"CD71.ACCGACCAGTAGACA',",CD71
"CD73.ACACTTAACGTCTGG',",CD73
"CD79b..Igb..TAACTCAGTGCGAGT',",CD79b
"CD80.GACCCGGTGTCATTT',",CD80
"CD83.TCTCAGGCTTCCTAG',",CD83
"CD85k..gp49.Receptor..ATGTCAACTCTGGGA',",CD85k
"CD86.CTGGATTTGTGTATC',",CD86
"CD8a.TACCCGTAATAGCGT',",CD8a
"CD8b..Ly.3..TTCCCTCTATGGAGC',",CD8b
"CD9.TAGCAGTCACTCCTA',",CD9
"CD90.2.CCGATCAGCCGTTTA',",CD90
"CD93..AA4.1..early.B.lineage..GGTATTTCCTGTGGT',",CD93
"CD94.CACAGTTGTCCGTGT',",CD94
"CD95..Fas..CACATCGTTTGTGTA',",CD95
"CX3CR1.CACTCTCAGTCCTAT',",CX3CR1
"CXCR4.GTCGTGGTGTTGTTC',",CXCR4
"DLL1.AGACCTCCTTACGAT',",DLL1
"DR3..TNFRSF25..GCTTGGGCAATTAAG',",DR3
"ENPP1..PC1..CATTAACCGCCCTTA',",ENPP1
"ESAM.TATAGTTTCCGCCGT',",ESAM
"F4.80.TTAACTTCAGCCCGT',",F480
"FceRIa.AGTCACCTCGAAGCT',",FceR1a
"Folate.Receptor.b..FR.b..CTCAGATGCCCTTTA',",FRb
"GITR.L.GTATTCCGCACCTAT',",GITR
"H.2Kb.bound.to.SIINFEKL.CGTTTATGGGATGGG',",H2kb
"I.A.I.E.GGTCACCAGTATGAT',",IAIE
"IL.21.Receptor.GATTCCGACAGTAGA',",IL21
"IL.33Ra..IL1RL1.ST2..GCGATGGAGCATGTT',",IL33Ra
"IgD.TCATATCCGTTGTCC',",IgD
"IgM.AGCTACGCATTCAAT',",IgM
"JAML.GTTATGGTTCGTGTT',",JAML
"Ly.49A.AATTCCGTCAGATGA',",Ly49A
"Ly.6A.E..Sca.1..TTCCTTTCCTACGCA',",Ly6AE
"Ly.6C.AAGTCGTGAGGCATG',",Ly6C
"Ly.6G.ACATTGACGCAACTA',",Ly6G
"Ly.6G.Ly.6C..Gr.1..TAGTGTATGGACACG',",Ly6C
"Ly108.CGATTCTTTGCGAGT',",Ly108
"Ly49D.TATATCCCTCAACGC',",Ly49D
"Ly49G.CGTATCTGTCATTAG',",Ly49G
"Ly49H.CCAGTAGGCTTATTA',",Ly49H
"MAdCAM.1.TTGGGCGATTAAGAA',",MAdCAM
"MERTK..Mer..AGTAGAGCAACTCGT',",MERTK
"Mouse.IgG1..k.isotype.Ctrl.GCCGGACGACATTAA',",MouseIgG1
"Mouse.IgG2a...isotype.Ctrl.CTCCTACCTAAACTG',",MouseIgG2a
"Mouse.IgG2b..k.isotype.Ctrl.ATATGTATCACGCGA',",MouseIgG2b
"NK.1.1.GTAACATTACTCGTC',",NK1
"Notch.1.TCCGGTCACTCAGTA',",Notch1
"Notch.4.GTACTTAACGTCATC',",Notch4
"P2X7R.TGCTTCATTCATGTG',",P2X7R
"PIR.A.B.TGTAGAGTCAGACCT',",PirAB
"Panendothelial.Cell.Antigen.CGTCCTAGTCATTGG',",MECA32
"Rat.IgG1..k.isotype.Ctrl.ATCAGATGCCCTCAT',",RatIgG1
"Rat.IgG1..u.Isotype.Ctrl.GGGAGCGATTCAACT',",RatIgG1u
"Rat.IgG2a..k.Isotype.Ctrl.AAGTCAGGTTCGTTT',",RatIgG2a
"Rat.IgG2b..k.Isotype.Ctrl.GATTCTTGACGACCT',",RatIgG2b
"Rat.IgG2c..k.Isotype.Ctrl.TCCAGGCTAGTCATT',",IgG2c
"Siglec.H.CCGCACCTACATTAG',",Siglec.H
"TCR.Vb5.1..5.2.CTCAACAGTATTCTG',",TCRVb5
"TCR.Vb8.1.8.2.ACTATCCGTTGTGCT',",TCRVb8
"TCR.Vr1.1.Cr4.TCGTTTAACCAGCCT',",TCRVr1
"TCR.Vr2.AAGCTGCACCGTAAT',",TCRVr2
"TCR.Vr3.TCGTGGTCCCTTTCT',",TCRVr3
"TCR.b.chain.TCCTATGGGACTCAG',",TCRb
"TCR.r.theta.AACCCAAATAGCTGA',",TCRr
"TER.119.Erythroid.Cells.GCGCGTTTGTGCTAT',",TER119
"TIGIT..Vstm3..GAAAGTCGCCAACAG',",TIGIT
"TLR4..CD284..MD2.Complex.GCAGTTGTCCGATTC',",TLR4
"Tim.4.TGCTGGAGGGTATTC',",Tim4
"X4.1BB.Ligand..CD137L..CAGTTCAGTACGCAG',",X41BB
"anti.P2RY12.TTGCTTATTTCCGCA',",P2RY12
"anti.human.mouse.CD49f.TTCCGAGGATGATCT',",CD49f
"anti.human.mouse.integrin.b7.TCCTTGGATGTACCG',",integrinb7
"anti.mouse.human.CD11b.TGAAGGCTCATTTGT',",CD11b
"anti.mouse.human.CD15..SSEA.1..GCTAGTTTGTGCTGC',",CD15
"anti.mouse.human.CD207.CGATTTGTATTCCCT',",CD207
"anti.mouse.human.CD44.TGGCTTCAGGTCCTA',",CD44
"anti.mouse.human.CD45R.B220.CCTACACCTCATAAT',",CD45R
"anti.mouse.human.KLRG1..MAFA..GTAGTAGGCTAGACC',",KLRG1
"anti.mouse.human.Mac.2..Galectin.3..GATGCAATTAGCCGG',",Mac2
"anti.mouse.rat.CD29.ACGCATTCCTTGTGT',",CD29
"anti.mouse.rat.CD61.TTCTTTACCCGCCTG',",CD61
"anti.mouse.rat.CD62P..P.selectin..TGTGTGCCGTAGACT',",CD62P
"anti.mouse.rat.XCR1.TCCATTACCCACGTT',",XCR1
"anti.mouse.rat.human.CD27.CAAGGTATGTCACTG',",CD27
anti.rat.CD90.mouse.CD90.1.AGTATGGGATGCAAT',CD90